{"stats":{"minecraft:mined":{"minecraft:short_grass":13,"minecraft:grass_block":2},"minecraft:used":{"minecraft:dirt":2},"minecraft:custom":{"minecraft:jump":14,"minecraft:time_since_rest":834,"minecraft:play_time":834,"minecraft:leave_game":2,"minecraft:sprint_one_cm":2915,"minecraft:time_since_death":834,"minecraft:walk_one_cm":1332,"minecraft:total_world_time":834,"minecraft:fall_one_cm":476,"minecraft:fly_one_cm":2320},"minecraft:picked_up":{"minecraft:wheat_seeds":4,"minecraft:dirt":2}},"DataVersion":3839}