{"stats":{"minecraft:picked_up":{"minecraft:wheat_seeds":3,"minecraft:dirt":2},"minecraft:mined":{"minecraft:short_grass":10,"minecraft:grass_block":2},"minecraft:used":{"minecraft:dirt":2},"minecraft:custom":{"minecraft:jump":14,"minecraft:time_since_rest":596,"minecraft:leave_game":1,"minecraft:sprint_one_cm":2514,"minecraft:play_time":596,"minecraft:time_since_death":596,"minecraft:walk_one_cm":766,"minecraft:total_world_time":596,"minecraft:fall_one_cm":476,"minecraft:fly_one_cm":2263}},"DataVersion":3839}